store_name,period_month,source_file,source_sheet,metric_key,metric_label,plan,fact,percent,forecast,forecast_percent,deviation,last_year_fact,lfl_deviation
ТРК Центрум,2026-04,ЕО Центрум 04.2026.xlsx,Центрум,revenue,Выручка,1876800.0,1254183.0,0.668256074168798,1254182.99999999,0.668256074168797,-622617.0,,
ТРК Центрум,2026-04,ЕО Центрум 04.2026.xlsx,Центрум,items_count,Кол-во изделий,272.0,159.0,0.584558823529411,158.999999999999,0.584558823529411,-113.0,,
ТРК Центрум,2026-04,ЕО Центрум 04.2026.xlsx,Центрум,avg_check,Средний чек,11730.0,15677.2875,1.33651214833759,15677.2875,1.33651214833759,3947.2875,,
ТРК Центрум,2026-04,ЕО Центрум 04.2026.xlsx,Центрум,avg_item_price,Средняя стоимость изделия,6900.0,7887.94339622641,1.14318020235165,7887.94339622646,1.14318020235166,987.94339622646,,
ТРК Центрум,2026-04,ЕО Центрум 04.2026.xlsx,Центрум,items_per_check,Длина чека,1.7,1.9875,1.16911764705882,1.9875,1.16911764705882,0.2875,,
ТРК Центрум,2026-04,ЕО Центрум 04.2026.xlsx,Центрум,checks_count,Кол-во чеков,160.0,80.0,0.5,79.9999999999999,0.499999999999999,-80.0,,
ТРК Центрум,2026-04,ЕО Центрум 04.2026.xlsx,Центрум,shifts_count,Кол-во смен,30.0,30.0,1.0,1041.24999999999,,1011.24999999999,,
ТРК Центрум,2026-04,ЕО Центрум 04.2026.xlsx,Центрум,avg_sales_per_shift,Средние продажи в смену,62560.0,41806.1,0.668256074168798,41806.1,0.668256074168798,-20753.9,,
ТРК Центрум,2026-04,ЕО Центрум 04.2026.xlsx,Центрум,lag_lead,Отставание/Перевыполнение,,-622617.0,,-622617.0,,,,
ТРК Центрум,2026-04,ЕО Центрум 04.2026.xlsx,Центрум,traffic,Трафик,1600.0,1041.25,0.65078125,1041.25,0.65078125,-558.75,,
ТРК Центрум,2026-04,ЕО Центрум 04.2026.xlsx,Центрум,revenue,Выручка на  вошедшего,1173.0,1204.49747899159,1.02685207075157,1204.49747899159,1.02685207075157,31.4974789915966,,
ТРК Центрум,2026-04,ЕО Центрум 04.2026.xlsx,Центрум,conversion,Конверсия,0.1,0.07683073229291716,0.7683073229291716,0.7683073229291716,0.7683073229291716,0.6683073229291716,,
ТРК Центрум,2026-05,ЕО Центрум 05.2026.xlsx,Центрум,revenue,Выручка,1715616.0000000002,692481.5,0.403634321433234,746964.057853545,0.435391170199826,-968651.942146454,,
ТРК Центрум,2026-05,ЕО Центрум 05.2026.xlsx,Центрум,items_count,Кол-во изделий,231.84000000000003,90.0,0.388198757763975,97.0809548079178,0.418741178433047,-134.759045192082,,
ТРК Центрум,2026-05,ЕО Центрум 05.2026.xlsx,Центрум,avg_check,Средний чек,13320.0,11352.1557377049,0.85226394427214,11352.1557377049,0.85226394427214,-1967.84426229508,,
ТРК Центрум,2026-05,ЕО Центрум 05.2026.xlsx,Центрум,avg_item_price,Средняя стоимость изделия,7400.0,7694.23888888888,1.03976201201201,7694.23888888887,1.03976201201201,294.238888888879,,
ТРК Центрум,2026-05,ЕО Центрум 05.2026.xlsx,Центрум,items_per_check,Длина чека,1.8,1.47540983606557,0.819672131147541,1.47540983606557,0.819672131147541,-0.324590163934426,,
ТРК Центрум,2026-05,ЕО Центрум 05.2026.xlsx,Центрум,checks_count,Кол-во чеков,128.8,61.0,0.473602484472049,65.7993138142554,0.510864237688318,-63.0006861857446,,
ТРК Центрум,2026-05,ЕО Центрум 05.2026.xlsx,Центрум,shifts_count,Кол-во смен,31.0,27.0,0.870967741935483,656.91446086691,,625.91446086691,,
ТРК Центрум,2026-05,ЕО Центрум 05.2026.xlsx,Центрум,avg_sales_per_shift,Средние продажи в смену,55342.451612903234,25647.4629629629,0.463431998682602,25647.4629629629,0.463431998682602,-29694.9886499402,,
ТРК Центрум,2026-05,ЕО Центрум 05.2026.xlsx,Центрум,lag_lead,Отставание/Перевыполнение,,-801764.693548387,,-801764.693548387,,,,
ТРК Центрум,2026-05,ЕО Центрум 05.2026.xlsx,Центрум,traffic,Трафик,1400.0,609.0,0.435,699.222222222222,0.499444444444444,-700.777777777777,,
ТРК Центрум,2026-05,ЕО Центрум 05.2026.xlsx,Центрум,revenue,Выручка на  вошедшего,1225.44,1137.07963875205,0.927894991800538,1137.07963875205,0.927894991800538,-88.3603612479476,,
ТРК Центрум,2026-05,ЕО Центрум 05.2026.xlsx,Центрум,conversion,Конверсия,0.092,0.100164203612479,1.0887413436139,1.0887413436139,1.0887413436139,0.996741343613907,,
ТРК Центрум,2026-03,ЕО Центрум01.03.2026.xlsx,Центрум,revenue,Выручка,2036800.0,1411043.0,0.692774450117831,1411042.99999999,0.692774450117831,-625757.0,,
ТРК Центрум,2026-03,ЕО Центрум01.03.2026.xlsx,Центрум,items_count,Кол-во изделий,304.0,196.0,0.644736842105263,195.999999999999,0.644736842105262,-108.0,,
ТРК Центрум,2026-03,ЕО Центрум01.03.2026.xlsx,Центрум,avg_check,Средний чек,10720.0,11758.6916666666,1.09689287935323,11758.6916666666,1.09689287935323,1038.69166666666,,
ТРК Центрум,2026-03,ЕО Центрум01.03.2026.xlsx,Центрум,avg_item_price,Средняя стоимость изделия,6700.0,7199.19897959183,1.07450731038684,7199.19897959178,1.07450731038683,499.198979591788,,
ТРК Центрум,2026-03,ЕО Центрум01.03.2026.xlsx,Центрум,items_per_check,Длина чека,1.6,1.63333333333333,1.02083333333333,1.63333333333333,1.02083333333333,0.0333333333333332,,
ТРК Центрум,2026-03,ЕО Центрум01.03.2026.xlsx,Центрум,checks_count,Кол-во чеков,190.0,120.0,0.631578947368421,120.0,0.631578947368421,-69.9999999999999,,
ТРК Центрум,2026-03,ЕО Центрум01.03.2026.xlsx,Центрум,shifts_count,Кол-во смен,31.0,31.0,1.0,1570.99999999999,,1539.99999999999,,
ТРК Центрум,2026-03,ЕО Центрум01.03.2026.xlsx,Центрум,avg_sales_per_shift,Средние продажи в смену,65703.2258064516,45517.5161290322,0.692774450117832,45517.5161290322,0.692774450117832,-20185.7096774193,,
ТРК Центрум,2026-03,ЕО Центрум01.03.2026.xlsx,Центрум,lag_lead,Отставание/Перевыполнение,,-625756.999999999,,-625756.999999999,,,,
ТРК Центрум,2026-03,ЕО Центрум01.03.2026.xlsx,Центрум,traffic,Трафик,1900.0,1571.0,0.8268421052631579,1571.0,0.826842105263157,-329.0,,
ТРК Центрум,2026-03,ЕО Центрум01.03.2026.xlsx,Центрум,revenue,Выручка на  вошедшего,1072.0,898.181413112667,0.837855795814055,898.181413112667,0.837855795814055,-173.818586887332,,
ТРК Центрум,2026-03,ЕО Центрум01.03.2026.xlsx,Центрум,conversion,Конверсия,0.1,0.0763844684914067,0.763844684914067,0.763844684914067,0.763844684914067,0.663844684914067,,
ТРК Центрум,2026-01,ЕО Центрум_01.2026.xlsx,Центрум,revenue,Выручка,1918620.0,1422519.98,0.7414287248126258,1422519.9800000007,0.7414287248126261,-496100.0199999993,,
ТРК Центрум,2026-01,ЕО Центрум_01.2026.xlsx,Центрум,items_count,Кол-во изделий,290.7,202.0,0.694874441004472,202.0000000000001,0.6948744410044724,-88.69999999999987,,
ТРК Центрум,2026-01,ЕО Центрум_01.2026.xlsx,Центрум,avg_check,Средний чек,11220.0,12931.999818181817,1.1525846540269,12931.999818181817,1.1525846540269,1711.9998181818173,,
ТРК Центрум,2026-01,ЕО Центрум_01.2026.xlsx,Центрум,avg_item_price,Средняя стоимость изделия,6600.0,7042.178118811881,1.0669966846684669,7042.17811881188,1.0669966846684666,442.17811881188027,,
ТРК Центрум,2026-01,ЕО Центрум_01.2026.xlsx,Центрум,items_per_check,Длина чека,1.7,1.8363636363636364,1.0802139037433156,1.8363636363636364,1.0802139037433156,0.13636363636363646,,
ТРК Центрум,2026-01,ЕО Центрум_01.2026.xlsx,Центрум,checks_count,Кол-во чеков,171.0,110.0,0.6432748538011696,109.99999999999994,0.6432748538011692,-61.00000000000006,,
ТРК Центрум,2026-01,ЕО Центрум_01.2026.xlsx,Центрум,shifts_count,Кол-во смен,31.0,31.0,1.0,1421.6000000000008,,1390.6000000000008,,
ТРК Центрум,2026-01,ЕО Центрум_01.2026.xlsx,Центрум,avg_sales_per_shift,Средние продажи в смену,61890.967741935485,45887.74129032258,0.7414287248126257,45887.74129032258,0.7414287248126257,-16003.226451612907,,
ТРК Центрум,2026-01,ЕО Центрум_01.2026.xlsx,Центрум,lag_lead,Отставание/Перевыполнение,,-496100.02,,-496100.02,,,,
ТРК Центрум,2026-01,ЕО Центрум_01.2026.xlsx,Центрум,traffic,Трафик,1900.0,1421.6000000000001,0.7482105263157895,1421.6000000000001,0.7482105263157895,-478.39999999999986,,
ТРК Центрум,2026-01,ЕО Центрум_01.2026.xlsx,Центрум,conversion,Конверсия,0.09,0.07737760270118176,0.8597511411242418,0.8597511411242418,0.8597511411242418,0.7697511411242418,,
ТРК Центрум,2026-02,ЕО Центрум_02.2026.xlsx,Центрум,revenue,Выручка,1870176.0000000002,844539.0,0.45158263179508235,844539.0000000001,0.4515826317950824,-1025637.0000000001,,
ТРК Центрум,2026-02,ЕО Центрум_02.2026.xlsx,Центрум,items_count,Кол-во изделий,257.6,106.0,0.41149068322981364,106.00000000000003,0.41149068322981375,-151.6,,
ТРК Центрум,2026-02,ЕО Центрум_02.2026.xlsx,Центрум,avg_check,Средний чек,13358.400000000001,12239.695652173914,0.9162546152363991,12239.695652173914,0.9162546152363991,-1118.7043478260875,,
ТРК Центрум,2026-02,ЕО Центрум_02.2026.xlsx,Центрум,avg_item_price,Средняя стоимость изделия,7260.0,7967.3490566037735,1.0974309995322002,7967.349056603773,1.0974309995322,707.3490566037726,,
ТРК Центрум,2026-02,ЕО Центрум_02.2026.xlsx,Центрум,items_per_check,Длина чека,1.84,1.536231884057971,0.8349086326402015,1.536231884057971,0.8349086326402015,-0.3037681159420291,,
ТРК Центрум,2026-02,ЕО Центрум_02.2026.xlsx,Центрум,checks_count,Кол-во чеков,140.0,69.0,0.4928571428571429,68.99999999999999,0.49285714285714277,-71.00000000000001,,
ТРК Центрум,2026-02,ЕО Центрум_02.2026.xlsx,Центрум,shifts_count,Кол-во смен,28.0,28.0,1.0,1338.0000000000002,,1310.0000000000002,,
ТРК Центрум,2026-02,ЕО Центрум_02.2026.xlsx,Центрум,avg_sales_per_shift,Средние продажи в смену,66792.00000000001,30162.10714285714,0.4515826317950823,30162.10714285714,0.4515826317950823,-36629.89285714287,,
ТРК Центрум,2026-02,ЕО Центрум_02.2026.xlsx,Центрум,lag_lead,Отставание/Перевыполнение,,-1025637.0000000005,,-1025637.0000000005,,,,
ТРК Центрум,2026-02,ЕО Центрум_02.2026.xlsx,Центрум,traffic,Трафик,1400.0,1338.0,0.9557142857142857,1338.0,0.9557142857142857,-62.0,,
ТРК Центрум,2026-02,ЕО Центрум_02.2026.xlsx,Центрум,conversion,Конверсия,0.1,0.0515695067264574,0.515695067264574,0.515695067264574,0.515695067264574,0.41569506726457406,,
ТРК Центрум,2025-12,ЕО Центрум_декабрь.xlsx,Центрум,revenue,Выручка,6092573.76,3087288.89,0.5067298339938359,3087288.890000001,0.506729833993836,-3005284.8699999987,343307.22,2743981.670000001
ТРК Центрум,2025-12,ЕО Центрум_декабрь.xlsx,Центрум,items_count,Кол-во изделий,743.904,398.0,0.5350152707876286,398.0,0.5350152707876286,-345.904,104.0,294.0
ТРК Центрум,2025-12,ЕО Центрум_декабрь.xlsx,Центрум,avg_check,Средний чек,13759.199999999999,12251.14638888889,0.8903967083034545,12251.14638888889,0.8903967083034545,-1508.0536111111087,4702.838630136986,7548.307758751905
ТРК Центрум,2025-12,ЕО Центрум_декабрь.xlsx,Центрум,avg_item_price,Средняя стоимость изделия,8190.0,7757.007261306533,0.9471315337370614,7757.007261306535,0.9471315337370616,-432.99273869346507,3301.0309615384613,4455.976299768074
ТРК Центрум,2025-12,ЕО Центрум_декабрь.xlsx,Центрум,items_per_check,Длина чека,1.68,1.5793650793650793,0.940098261526833,1.5793650793650793,0.940098261526833,-0.10063492063492063,1.4246575342465753,0.15470754511850404
ТРК Центрум,2025-12,ЕО Центрум_декабрь.xlsx,Центрум,checks_count,Кол-во чеков,442.8,252.0,0.5691056910569106,252.00000000000014,0.5691056910569109,-190.79999999999987,73.0,179.00000000000014
ТРК Центрум,2025-12,ЕО Центрум_декабрь.xlsx,Центрум,shifts_count,Кол-во смен,31.0,31.0,1.0,2859.3000000000015,,2828.3000000000015,31.0,2828.3000000000015
ТРК Центрум,2025-12,ЕО Центрум_декабрь.xlsx,Центрум,avg_sales_per_shift,Средние продажи в смену,196534.63741935484,99589.9641935484,0.5067298339938359,99589.9641935484,0.5067298339938359,-96944.67322580644,11074.426451612902,88515.53774193549
ТРК Центрум,2025-12,ЕО Центрум_декабрь.xlsx,Центрум,lag_lead,Отставание/Перевыполнение,,-3005284.8699999996,,-3005284.8699999996,,,-182714.4696000002,-2822570.4003999997
ТРК Центрум,2025-12,ЕО Центрум_декабрь.xlsx,Центрум,traffic,Трафик,3600.0,2859.3,0.79425,2859.3,0.79425,-740.6999999999998,381.0,2478.3
ТРК Центрум,2025-12,ЕО Центрум_декабрь.xlsx,Центрум,conversion,Конверсия,0.123,0.08813345923827509,0.7165321889290658,0.7165321889290658,0.7165321889290658,0.5935321889290658,0.19160104986876642,0.5249311390602993
