store_name,period_month,source_file,metric_key,metric_label,plan,fact,percent,forecast,forecast_percent,deviation,last_year_fact,lfl_deviation
"Ялта, Набережная 18",2025-01,ЕО Ялта Ленина 18_01.2025.xlsx,revenue,Выручка,1800000.0,1570967.64,0.8727598,1570967.6400000015,0.8727598000000009,-229032.35999999847,,
"Ялта, Набережная 18",2025-01,ЕО Ялта Ленина 18_01.2025.xlsx,items_count,Кол-во изделий,487.8048780487805,409.0,0.83845,409.00000000000045,0.8384500000000009,-78.80487804878004,,
"Ялта, Набережная 18",2025-01,ЕО Ялта Ленина 18_01.2025.xlsx,avg_check,Средний чек,5904.0,7777.067524752475,1.317253984544796,7777.067524752475,1.317253984544796,1873.067524752475,0.0,
"Ялта, Набережная 18",2025-01,ЕО Ялта Ленина 18_01.2025.xlsx,avg_item_price,Средняя стоимость изделия,3690.0,3840.9966748166257,1.0409205080803863,3840.9966748166253,1.0409205080803863,150.99667481662527,,
"Ялта, Набережная 18",2025-01,ЕО Ялта Ленина 18_01.2025.xlsx,items_per_check,Длина чека,1.6,2.0247524752475248,1.265470297029703,2.0247524752475248,1.265470297029703,0.4247524752475247,,
"Ялта, Набережная 18",2025-01,ЕО Ялта Ленина 18_01.2025.xlsx,checks_count,Кол-во чеков,0.0,202.0,,0.0,,,,
"Ялта, Набережная 18",2025-01,ЕО Ялта Ленина 18_01.2025.xlsx,shifts_count,Кол-во смен,30.0,30.0,1.0,0.0,,-30.0,,
"Ялта, Набережная 18",2025-01,ЕО Ялта Ленина 18_01.2025.xlsx,avg_sales_per_shift,Средние продажи в смену,60000.0,52365.587999999996,0.8727598,52365.587999999996,0.8727598,-7634.412000000004,,
"Ялта, Набережная 18",2025-01,ЕО Ялта Ленина 18_01.2025.xlsx,lag_lead,Отставание/Перевыполнение,,-229032.3600000001,,-229032.3600000001,,,,
"Ялта, Набережная 18",2025-01,ЕО Ялта Ленина 18_01.2025.xlsx,traffic,Трафик,,0.0,,0.0,,,,
"Ялта, Набережная 18",2025-01,ЕО Ялта Ленина 18_01.2025.xlsx,conversion,Конверсия план/факт,0.257,,,0.0,,,,
"Ялта, Набережная 18",2026-01,ЕО Ялта Ленина 18_02.01.2026.xlsx,revenue,Выручка,2862720.0000000005,1843451.17,0.6439509173094119,2019902.4627580068,0.7055885531096322,-842817.5372419937,,
"Ялта, Набережная 18",2026-01,ЕО Ялта Ленина 18_02.01.2026.xlsx,items_count,Кол-во изделий,403.20000000000005,246.0,0.6101190476190476,279.3358735360005,0.6927973053968266,-123.86412646399953,,
"Ялта, Набережная 18",2026-01,ЕО Ялта Ленина 18_02.01.2026.xlsx,avg_check,Средний чек,12780.0,14401.962265625,1.126914105291471,14401.962265625,1.126914105291471,1621.9622656249994,0.0,
"Ялта, Набережная 18",2026-01,ЕО Ялта Ленина 18_02.01.2026.xlsx,avg_item_price,Средняя стоимость изделия,7100.0,7493.70394308943,1.0554512595900605,7231.088643176666,1.0184631891798122,131.08864317666576,,
"Ялта, Набережная 18",2026-01,ЕО Ялта Ленина 18_02.01.2026.xlsx,items_per_check,Длина чека,1.8,1.921875,1.0677083333333333,1.921875,1.0677083333333333,0.12187499999999996,,
"Ялта, Набережная 18",2026-01,ЕО Ялта Ленина 18_02.01.2026.xlsx,checks_count,Кол-во чеков,224.00000000000003,128.0,0.5714285714285714,145.3454951732035,0.6488638177375154,-78.65450482679654,,
"Ялта, Набережная 18",2026-01,ЕО Ялта Ленина 18_02.01.2026.xlsx,shifts_count,Кол-во смен,31.0,31.0,1.0,31.0,1.0,0.0,,
"Ялта, Набережная 18",2026-01,ЕО Ялта Ленина 18_02.01.2026.xlsx,avg_sales_per_shift,Средние продажи в смену,92345.80645161292,59466.166774193545,0.6439509173094119,59466.166774193545,0.6439509173094119,-32879.63967741938,,
"Ялта, Набережная 18",2026-01,ЕО Ялта Ленина 18_02.01.2026.xlsx,lag_lead,Отставание/Перевыполнение,,-1019268.8300000005,,-1019268.8300000005,,,,
"Ялта, Набережная 18",2026-01,ЕО Ялта Ленина 18_02.01.2026.xlsx,traffic,Трафик,1600.0,1272.0,0.795,1272.0,0.795,-328.0,,
"Ялта, Набережная 18",2026-01,ЕО Ялта Ленина 18_02.01.2026.xlsx,conversion,Конверсия план/факт,0.14,0.10062893081761007,0.7187780772686433,0.11464696388454768,0.8189068848896262,-0.025353036115452338,,
"Ялта, Набережная 18",2025-02,ЕО Ялта Ленина 18_02.2025.xlsx,revenue,Выручка,1096989.5999999999,809309.0,0.7377544873716215,888582.9446005622,0.8100194793100703,-208406.65539943764,,
"Ялта, Набережная 18",2025-02,ЕО Ялта Ленина 18_02.2025.xlsx,items_count,Кол-во изделий,285.59999999999997,192.0,0.6722689075630253,191.99999999999997,0.6722689075630252,-93.6,,
"Ялта, Набережная 18",2025-02,ЕО Ялта Ленина 18_02.2025.xlsx,avg_check,Средний чек,7682.0,7781.817307692308,1.0129936615064186,7781.817307692308,1.0129936615064186,99.81730769230762,0.0,
"Ялта, Набережная 18",2025-02,ЕО Ялта Ленина 18_02.2025.xlsx,avg_item_price,Средняя стоимость изделия,3841.0,4215.151041666667,1.097409799965287,4628.0361697945955,1.2049039754737296,787.0361697945955,,
"Ялта, Набережная 18",2025-02,ЕО Ялта Ленина 18_02.2025.xlsx,items_per_check,Длина чека,2.0,1.8461538461538463,0.9230769230769231,1.8461538461538463,0.9230769230769231,-0.15384615384615374,,
"Ялта, Набережная 18",2025-02,ЕО Ялта Ленина 18_02.2025.xlsx,checks_count,Кол-во чеков,142.79999999999998,104.0,0.7282913165266107,103.99999999999999,0.7282913165266106,-38.8,,
"Ялта, Набережная 18",2025-02,ЕО Ялта Ленина 18_02.2025.xlsx,shifts_count,Кол-во смен,28.0,28.0,1.0,374.40184664793264,13.371494523140452,346.40184664793264,,
"Ялта, Набережная 18",2025-02,ЕО Ялта Ленина 18_02.2025.xlsx,avg_sales_per_shift,Средние продажи в смену,39178.2,28903.89285714286,0.7377544873716215,28903.89285714286,0.7377544873716215,-10274.307142857138,,
"Ялта, Набережная 18",2025-02,ЕО Ялта Ленина 18_02.2025.xlsx,lag_lead,Отставание/Перевыполнение,,-287680.59999999986,,-287680.59999999986,,,,
"Ялта, Набережная 18",2025-02,ЕО Ялта Ленина 18_02.2025.xlsx,traffic,Трафик,476.0,341.0,0.7163865546218487,341.0,0.7163865546218487,-135.0,,
"Ялта, Набережная 18",2025-02,ЕО Ялта Ленина 18_02.2025.xlsx,conversion,Конверсия план/факт,0.3,0.30498533724340177,1.0166177908113392,0.30367795492238053,1.0122598497412685,0.003677954922380544,,
"Ялта, Набережная 18",2026-02,ЕО Ялта Ленина 18_02.2026.xlsx,revenue,Выручка,1652437.76,838805.0,0.5076166983741645,838805.0,0.5076166983741645,-813632.76,,
"Ялта, Набережная 18",2026-02,ЕО Ялта Ленина 18_02.2026.xlsx,items_count,Кол-во изделий,223.3024,118.0,0.5284314006477315,118.00000000000006,0.5284314006477318,-105.30239999999995,,
"Ялта, Набережная 18",2026-02,ЕО Ялта Ленина 18_02.2026.xlsx,avg_check,Средний чек,13616.0,12156.59420289855,0.8928168480389652,12156.59420289855,0.8928168480389652,-1459.40579710145,0.0,
"Ялта, Набережная 18",2026-02,ЕО Ялта Ленина 18_02.2026.xlsx,avg_item_price,Средняя стоимость изделия,7400.0,7108.516949152542,0.9606103985341273,7108.516949152539,0.960610398534127,-291.4830508474606,,
"Ялта, Набережная 18",2026-02,ЕО Ялта Ленина 18_02.2026.xlsx,items_per_check,Длина чека,1.84,1.710144927536232,0.9294265910523,1.710144927536232,0.9294265910523,-0.12985507246376815,,
"Ялта, Набережная 18",2026-02,ЕО Ялта Ленина 18_02.2026.xlsx,checks_count,Кол-во чеков,121.36,69.0,0.5685563612392881,69.00000000000001,0.5685563612392882,-52.359999999999985,,
"Ялта, Набережная 18",2026-02,ЕО Ялта Ленина 18_02.2026.xlsx,shifts_count,Кол-во смен,28.0,28.0,1.0,28.0,1.0,0.0,,
"Ялта, Набережная 18",2026-02,ЕО Ялта Ленина 18_02.2026.xlsx,avg_sales_per_shift,Средние продажи в смену,59015.63428571429,29957.321428571428,0.5076166983741645,29957.321428571428,0.5076166983741645,-29058.31285714286,,
"Ялта, Набережная 18",2026-02,ЕО Ялта Ленина 18_02.2026.xlsx,lag_lead,Отставание/Перевыполнение,,-813632.76,,-813632.76,,,,
"Ялта, Набережная 18",2026-02,ЕО Ялта Ленина 18_02.2026.xlsx,traffic,Трафик,740.0,771.2,1.0421621621621622,771.2,1.0421621621621622,31.200000000000045,,
"Ялта, Набережная 18",2026-02,ЕО Ялта Ленина 18_02.2026.xlsx,revenue,Выручка на  вошедшего,2233.024,1087.6620850622405,0.4870803381702304,1087.6620850622405,0.4870803381702304,-1145.3619149377594,0.0,
"Ялта, Набережная 18",2026-02,ЕО Ялта Ленина 18_02.2026.xlsx,conversion,Конверсия план/факт,0.164,0.08947095435684647,0.5455545997368687,0.12616781191764498,0.7693159263271035,-0.03783218808235503,,
"Ялта, Набережная 18",2025-03,ЕО Ялта Ленина 18_03.2025.xlsx,revenue,Выручка,1656141.4518000002,1482639.0,0.8952369366690106,1482639.0000000002,0.8952369366690107,-173502.45179999992,,
"Ялта, Набережная 18",2025-03,ЕО Ялта Ленина 18_03.2025.xlsx,items_count,Кол-во изделий,342.6027,320.0,0.9340264977479745,320.00000000000006,0.9340264977479746,-22.60269999999997,,
"Ялта, Набережная 18",2025-03,ЕО Ялта Ленина 18_03.2025.xlsx,avg_check,Средний чек,9039.58,8191.375690607735,0.9061677302051351,8191.375690607735,0.9061677302051351,-848.2043093922648,0.0,
"Ялта, Набережная 18",2025-03,ЕО Ялта Ленина 18_03.2025.xlsx,avg_item_price,Средняя стоимость изделия,4834.0,4633.246875,0.9584705988829126,4633.246875,0.9584705988829126,-200.75312500000018,,
"Ялта, Набережная 18",2025-03,ЕО Ялта Ленина 18_03.2025.xlsx,items_per_check,Длина чека,1.87,1.7679558011049723,0.9454309096818033,1.7679558011049723,0.9454309096818033,-0.1020441988950278,,
"Ялта, Набережная 18",2025-03,ЕО Ялта Ленина 18_03.2025.xlsx,checks_count,Кол-во чеков,183.21,181.0,0.9879373396648654,181.0,0.9879373396648654,-2.210000000000008,,
"Ялта, Набережная 18",2025-03,ЕО Ялта Ленина 18_03.2025.xlsx,shifts_count,Кол-во смен,31.0,31.0,1.0,780.0000000000001,25.161290322580648,749.0000000000001,,
"Ялта, Набережная 18",2025-03,ЕО Ялта Ленина 18_03.2025.xlsx,avg_sales_per_shift,Средние продажи в смену,53423.9178,47827.06451612903,0.8952369366690106,47827.06451612903,0.8952369366690106,-5596.8532838709725,,
"Ялта, Набережная 18",2025-03,ЕО Ялта Ленина 18_03.2025.xlsx,lag_lead,Отставание/Перевыполнение,,-173502.45180000016,,-173502.45180000016,,,,
"Ялта, Набережная 18",2025-03,ЕО Ялта Ленина 18_03.2025.xlsx,traffic,Трафик,591.0,780.0,1.3197969543147208,780.0,1.3197969543147208,189.0,,
"Ялта, Набережная 18",2025-03,ЕО Ялта Ленина 18_03.2025.xlsx,conversion,Конверсия план/факт,0.31,0.23205128205128206,0.7485525227460712,0.24021742852631303,0.774894930730042,-0.06978257147368697,,
"Ялта, Набережная 18",2026-03,ЕО Ялта Ленина 18_03.2026.xlsx,revenue,Выручка,2017008.0,1218796.0,0.604259378247384,1218795.99999999,0.604259378247384,-798212.0,1482639.0,-263843.0
"Ялта, Набережная 18",2026-03,ЕО Ялта Ленина 18_03.2026.xlsx,items_count,Кол-во изделий,292.32,178.0,0.608921729611384,178.0,0.608921729611384,-114.319999999999,315.9256339228638,-137.925633922863
"Ялта, Набережная 18",2026-03,ЕО Ялта Ленина 18_03.2026.xlsx,avg_check,Средний чек,12006.0,11285.1481481481,0.939959032829264,11285.1481481481,0.939959032829264,-720.851851851852,8306.61,2978.53814814814
"Ялта, Набережная 18",2026-03,ЕО Ялта Ленина 18_03.2026.xlsx,avg_item_price,Средняя стоимость изделия,6900.0,6847.16853932584,0.992343266568962,6847.16853932578,0.992343266568954,-52.8314606742142,4693.0,2154.16853932578
"Ялта, Набережная 18",2026-03,ЕО Ялта Ленина 18_03.2026.xlsx,items_per_check,Длина чека,1.74,1.64814814814814,0.947211579395487,1.64814814814814,0.947211579395487,-0.0918518518518518,1.77,-0.121851851851851
"Ялта, Набережная 18",2026-03,ЕО Ялта Ленина 18_03.2026.xlsx,checks_count,Кол-во чеков,168.0,108.0,0.642857142857142,108.0,0.642857142857143,-59.9999999999999,181.0,-72.9999999999999
"Ялта, Набережная 18",2026-03,ЕО Ялта Ленина 18_03.2026.xlsx,shifts_count,Кол-во смен,31.0,31.0,1.0,31.0,1.0,0.0,31.0,0.0
"Ялта, Набережная 18",2026-03,ЕО Ялта Ленина 18_03.2026.xlsx,avg_sales_per_shift,Средние продажи в смену,65064.77419354839,39316.0,0.604259378247384,39316.0,0.604259378247384,-25748.7741935483,47827.06451612903,-8511.06451612903
"Ялта, Набережная 18",2026-03,ЕО Ялта Ленина 18_03.2026.xlsx,lag_lead,Отставание/Перевыполнение,,-798212.0,,-798212.0,,,-173502.0,-624710.0
"Ялта, Набережная 18",2026-03,ЕО Ялта Ленина 18_03.2026.xlsx,traffic,Трафик,1400.0,1312.8000000000002,0.9377142857142858,1312.8,0.937714285714285,-87.1999999999998,780.0,532.8
"Ялта, Набережная 18",2026-03,ЕО Ялта Ленина 18_03.2026.xlsx,revenue,Выручка на  вошедшего,1440.72,928.394271785496,0.644396046272347,928.394271785496,0.644396046272347,-512.325728214503,1900.8192307692307,-972.424958983734
"Ялта, Набережная 18",2026-03,ЕО Ялта Ленина 18_03.2026.xlsx,conversion,Конверсия план/факт,0.12,0.0822669104204753,0.685557586837294,0.0971994267513235,0.809995222927696,-0.0228005732486764,0.23205128205128206,-0.134851855299958
"Ялта, Набережная 18",2025-04,ЕО Ялта Ленина 18_04.2025.xlsx,revenue,Выручка,2588108.16,2068738.6,0.7993246310076932,2068738.5999999996,0.7993246310076931,-519369.5600000005,,
"Ялта, Набережная 18",2025-04,ЕО Ялта Ленина 18_04.2025.xlsx,items_count,Кол-во изделий,521.796,390.0,0.7474185313800795,389.99999999999994,0.7474185313800794,-131.7960000000001,,
"Ялта, Набережная 18",2025-04,ЕО Ялта Ленина 18_04.2025.xlsx,avg_check,Средний чек,8779.2,10608.915897435898,1.2084148780567587,10608.915897435898,1.2084148780567587,1829.7158974358972,0.0,
"Ялта, Набережная 18",2025-04,ЕО Ялта Ленина 18_04.2025.xlsx,avg_item_price,Средняя стоимость изделия,4960.0,5304.457948717949,1.0694471670802317,5304.457948717949,1.0694471670802317,344.45794871794897,,
"Ялта, Набережная 18",2025-04,ЕО Ялта Ленина 18_04.2025.xlsx,items_per_check,Длина чека,1.77,2.0,1.1299435028248588,2.0,1.1299435028248588,0.22999999999999998,,
"Ялта, Набережная 18",2025-04,ЕО Ялта Ленина 18_04.2025.xlsx,checks_count,Кол-во чеков,294.8,195.0,0.6614654002713704,195.0,0.6614654002713704,-99.80000000000001,,
"Ялта, Набережная 18",2025-04,ЕО Ялта Ленина 18_04.2025.xlsx,shifts_count,Кол-во смен,30.0,30.0,1.0,30.0,1.0,0.0,,
"Ялта, Набережная 18",2025-04,ЕО Ялта Ленина 18_04.2025.xlsx,avg_sales_per_shift,Средние продажи в смену,86270.27200000001,68957.95333333334,0.7993246310076932,68957.95333333334,0.7993246310076932,-17312.318666666673,,
"Ялта, Набережная 18",2025-04,ЕО Ялта Ленина 18_04.2025.xlsx,lag_lead,Отставание/Перевыполнение,,-519369.56000000006,,-519369.56000000006,,,,
"Ялта, Набережная 18",2025-04,ЕО Ялта Ленина 18_04.2025.xlsx,traffic,Трафик,1340.0,893.0,0.6664179104477612,893.0,0.6664179104477612,-447.0,,
"Ялта, Набережная 18",2025-04,ЕО Ялта Ленина 18_04.2025.xlsx,conversion,Конверсия план/факт,0.22,0.21836506159014557,0.992568461773389,0.2186931534588228,0.9940597884491945,-0.0013068465411772145,,
"Ялта, Набережная 18",2026-04,ЕО Ялта Ленина 18_04.2026.xlsx,revenue,Выручка,2458965.6,1760211.0,0.715833926265581,1760211.0000000007,0.7158339262655812,-698754.5999999994,2068738.6,-308527.5999999994
"Ялта, Набережная 18",2026-04,ЕО Ялта Ленина 18_04.2026.xlsx,items_count,Кол-во изделий,353.808,230.0,0.650070094514539,229.999999999999,0.650070094514538,-123.808,390.0,-160.0
"Ялта, Набережная 18",2026-04,ЕО Ялта Ленина 18_04.2026.xlsx,avg_check,Средний чек,12649.0,13234.66917293233,1.046301618541571,13234.66917293233,1.046301618541571,585.6691729323302,10608.915897435898,2625.7532754964323
"Ялта, Набережная 18",2026-04,ЕО Ялта Ленина 18_04.2026.xlsx,avg_item_price,Средняя стоимость изделия,6950.0,7653.091304347826,1.1011642164529245,7653.091304347862,1.1011642164529298,703.0913043478622,5304.457948717949,2348.6333556299132
"Ялта, Набережная 18",2026-04,ЕО Ялта Ленина 18_04.2026.xlsx,items_per_check,Длина чека,1.82,1.72932330827067,0.950177641906965,1.72932330827067,0.950177641906965,-0.0906766917293233,2.0,-0.270676691729323
"Ялта, Набережная 18",2026-04,ЕО Ялта Ленина 18_04.2026.xlsx,checks_count,Кол-во чеков,194.4,133.0,0.684156378600823,133.0,0.684156378600823,-61.3999999999999,195.0,-61.9999999999999
"Ялта, Набережная 18",2026-04,ЕО Ялта Ленина 18_04.2026.xlsx,shifts_count,Кол-во смен,30.0,30.0,1.0,30.0,1.0,0.0,30.0,0.0
"Ялта, Набережная 18",2026-04,ЕО Ялта Ленина 18_04.2026.xlsx,avg_sales_per_shift,Средние продажи в смену,81965.52,58673.7,0.7158339262655808,58673.7,0.7158339262655808,-23291.820000000007,68957.95333333334,-10284.253333333341
"Ялта, Набережная 18",2026-04,ЕО Ялта Ленина 18_04.2026.xlsx,lag_lead,Отставание/Перевыполнение,,-698754.6000000001,,-698754.6000000001,,,-519369.56000000006,-179385.04000000004
"Ялта, Набережная 18",2026-04,ЕО Ялта Ленина 18_04.2026.xlsx,traffic,Трафик,1800.0,1591.2,0.884,1591.2,0.884,-208.799999999999,893.0,698.2
"Ялта, Набережная 18",2026-04,ЕО Ялта Ленина 18_04.2026.xlsx,revenue,Выручка на  вошедшего,1366.092,1106.2160633484164,0.8097668849158155,1106.2160633484164,0.8097668849158155,-259.87593665158374,,
"Ялта, Набережная 18",2026-04,ЕО Ялта Ленина 18_04.2026.xlsx,conversion,Конверсия план/факт,0.108,0.0835847159376571,0.773932554978306,0.09052271134876362,0.8381732532292928,-0.017477288651236378,0.21836506159014557,-0.12784235024138196
"Ялта, Набережная 18",2025-05,ЕО Ялта Ленина 18_05.2025.xlsx,revenue,Выручка,4793817.6,2784032.0,0.580754678692823,2784032.0000000005,0.5807546786928232,-2009785.5999999992,,
"Ялта, Набережная 18",2025-05,ЕО Ялта Ленина 18_05.2025.xlsx,items_count,Кол-во изделий,921.8879999999999,493.0,0.5347721198236662,493.0,0.5347721198236662,-428.8879999999999,,
"Ялта, Набережная 18",2025-05,ЕО Ялта Ленина 18_05.2025.xlsx,avg_check,Средний чек,10088.0,10160.700729927008,1.0072066544336844,10160.700729927008,1.0072066544336844,72.70072992700807,0.0,
"Ялта, Набережная 18",2025-05,ЕО Ялта Ленина 18_05.2025.xlsx,avg_item_price,Средняя стоимость изделия,5200.0,5647.123732251522,1.0859853331252927,5647.123732251523,1.0859853331252929,447.1237322515226,,
"Ялта, Набережная 18",2025-05,ЕО Ялта Ленина 18_05.2025.xlsx,items_per_check,Длина чека,1.94,1.7992700729927007,0.9274588005117014,1.7992700729927007,0.9274588005117014,-0.14072992700729925,,
"Ялта, Набережная 18",2025-05,ЕО Ялта Ленина 18_05.2025.xlsx,checks_count,Кол-во чеков,475.2,274.0,0.5765993265993267,274.0000000000001,0.5765993265993269,-201.19999999999987,,
"Ялта, Набережная 18",2025-05,ЕО Ялта Ленина 18_05.2025.xlsx,shifts_count,Кол-во смен,31.0,31.0,1.0,31.0,1.0,0.0,,
"Ялта, Набережная 18",2025-05,ЕО Ялта Ленина 18_05.2025.xlsx,avg_sales_per_shift,Средние продажи в смену,154639.27741935482,89807.48387096774,0.580754678692823,89807.48387096774,0.580754678692823,-64831.79354838708,,
"Ялта, Набережная 18",2025-05,ЕО Ялта Ленина 18_05.2025.xlsx,lag_lead,Отставание/Перевыполнение,,-2009785.5999999996,,-2009785.5999999996,,,,
"Ялта, Набережная 18",2025-05,ЕО Ялта Ленина 18_05.2025.xlsx,traffic,Трафик,2160.0,1195.0,0.5532407407407407,1195.0,0.5532407407407407,-965.0,,
"Ялта, Набережная 18",2025-05,ЕО Ялта Ленина 18_05.2025.xlsx,conversion,Конверсия план/факт,0.22,0.2292887029288703,1.0422213769494104,0.22539445768492916,1.0245202622042235,0.00539445768492916,,
"Ялта, Набережная 18",2025-06,ЕО Ялта Ленина 18_06.2025.xlsx,revenue,Выручка,4307558.4,2475583.0,0.5747067758849189,2587677.357939017,0.6007294893411118,-1719881.0420609834,,
"Ялта, Набережная 18",2025-06,ЕО Ялта Ленина 18_06.2025.xlsx,items_count,Кол-во изделий,747.84,464.0,0.6204535729567822,485.0099124463626,0.6485477006396589,-262.83008755363744,,
"Ялта, Набережная 18",2025-06,ЕО Ялта Ленина 18_06.2025.xlsx,avg_check,Средний чек,10944.0,9168.825925925927,0.8377947666233485,9168.825925925927,0.8377947666233485,-1775.1740740740734,0.0,
"Ялта, Набережная 18",2025-06,ЕО Ялта Ленина 18_06.2025.xlsx,avg_item_price,Средняя стоимость изделия,5760.0,5335.308189655172,0.9262687829262451,5335.308189655174,0.9262687829262455,-424.6918103448261,,
"Ялта, Набережная 18",2025-06,ЕО Ялта Ленина 18_06.2025.xlsx,items_per_check,Длина чека,1.9,1.7185185185185186,0.9044834307992203,1.7185185185185186,0.9044834307992203,-0.18148148148148135,,
"Ялта, Набережная 18",2025-06,ЕО Ялта Ленина 18_06.2025.xlsx,checks_count,Кол-во чеков,393.6,270.0,0.6859756097560975,282.22559560456466,0.717036574198589,-111.37440439543536,,
"Ялта, Набережная 18",2025-06,ЕО Ялта Ленина 18_06.2025.xlsx,shifts_count,Кол-во смен,30.0,30.0,1.0,30.0,1.0,0.0,,
"Ялта, Набережная 18",2025-06,ЕО Ялта Ленина 18_06.2025.xlsx,avg_sales_per_shift,Средние продажи в смену,143585.28,82519.43333333333,0.5747067758849189,82519.43333333333,0.5747067758849189,-61065.846666666665,,
"Ялта, Набережная 18",2025-06,ЕО Ялта Ленина 18_06.2025.xlsx,lag_lead,Отставание/Перевыполнение,,-1831975.4000000004,,-1831975.4000000004,,,,
"Ялта, Набережная 18",2025-06,ЕО Ялта Ленина 18_06.2025.xlsx,traffic,Трафик,1600.0,1342.0,0.83875,1342.0,0.83875,-258.0,,
"Ялта, Набережная 18",2025-06,ЕО Ялта Ленина 18_06.2025.xlsx,conversion,Конверсия план/факт,0.246,0.20119225037257824,0.8178546763112936,0.22024868267696576,0.8953198482803486,-0.025751317323034234,,
"Ялта, Набережная 18",2025-07,ЕО Ялта Ленина 18_07.2025.xlsx,revenue,Выручка,4080000.0,3169651.6,0.7768753921568627,3169651.6000000006,0.7768753921568629,-910348.3999999994,,
"Ялта, Набережная 18",2025-07,ЕО Ялта Ленина 18_07.2025.xlsx,items_count,Кол-во изделий,680.0,559.0,0.8220588235294117,559.0000000000001,0.822058823529412,-120.99999999999989,,
"Ялта, Набережная 18",2025-07,ЕО Ялта Ленина 18_07.2025.xlsx,avg_check,Средний чек,10200.0,9693.124159021407,0.9503062901001379,9693.124159021407,0.9503062901001379,-506.87584097859326,0.0,
"Ялта, Набережная 18",2025-07,ЕО Ялта Ленина 18_07.2025.xlsx,avg_item_price,Средняя стоимость изделия,6000.0,5670.217531305903,0.9450362552176506,5670.217531305903,0.9450362552176506,-329.7824686940967,,
"Ялта, Набережная 18",2025-07,ЕО Ялта Ленина 18_07.2025.xlsx,items_per_check,Длина чека,1.7,1.709480122324159,1.005576542543623,1.709480122324159,1.005576542543623,0.009480122324158957,,
"Ялта, Набережная 18",2025-07,ЕО Ялта Ленина 18_07.2025.xlsx,checks_count,Кол-во чеков,400.0,327.0,0.8175,327.0,0.8175,-73.0,,
"Ялта, Набережная 18",2025-07,ЕО Ялта Ленина 18_07.2025.xlsx,shifts_count,Кол-во смен,31.0,31.0,1.0,31.0,1.0,0.0,,
"Ялта, Набережная 18",2025-07,ЕО Ялта Ленина 18_07.2025.xlsx,avg_sales_per_shift,Средние продажи в смену,131612.90322580645,102246.82580645161,0.7768753921568627,102246.82580645161,0.7768753921568627,-29366.077419354842,,
"Ялта, Набережная 18",2025-07,ЕО Ялта Ленина 18_07.2025.xlsx,lag_lead,Отставание/Перевыполнение,,-910348.3999999999,,-910348.3999999999,,,,
"Ялта, Набережная 18",2025-07,ЕО Ялта Ленина 18_07.2025.xlsx,traffic,Трафик,1600.0,1890.0,1.18125,1890.0,1.18125,290.0,,
"Ялта, Набережная 18",2025-07,ЕО Ялта Ленина 18_07.2025.xlsx,conversion,Конверсия план/факт,0.25,0.173015873015873,0.692063492063492,0.19019292615935263,0.7607717046374105,-0.05980707384064737,,
"Ялта, Набережная 18",2025-08,ЕО Ялта Ленина 18_08.2025.xlsx,revenue,Выручка,4700160.0,3881454.0,0.8258131638071895,3881454.0000000023,0.82581316380719,-818705.9999999977,,
"Ялта, Набережная 18",2025-08,ЕО Ялта Ленина 18_08.2025.xlsx,items_count,Кол-во изделий,783.36,672.0,0.8578431372549019,672.0000000000003,0.8578431372549024,-111.35999999999967,,
"Ялта, Набережная 18",2025-08,ЕО Ялта Ленина 18_08.2025.xlsx,avg_check,Средний чек,10200.0,10323.015957446809,1.0120603879849812,10323.015957446809,1.0120603879849812,123.0159574468089,0.0,
"Ялта, Набережная 18",2025-08,ЕО Ялта Ленина 18_08.2025.xlsx,avg_item_price,Средняя стоимость изделия,6000.0,5775.973214285715,0.9626622023809525,5775.973214285715,0.9626622023809525,-224.02678571428532,,
"Ялта, Набережная 18",2025-08,ЕО Ялта Ленина 18_08.2025.xlsx,items_per_check,Длина чека,1.7,1.7872340425531914,1.0513141426783479,1.7872340425531914,1.0513141426783479,0.08723404255319145,,
"Ялта, Набережная 18",2025-08,ЕО Ялта Ленина 18_08.2025.xlsx,checks_count,Кол-во чеков,460.79999999999995,376.0,0.8159722222222223,375.99999999999994,0.8159722222222222,-84.80000000000001,,
"Ялта, Набережная 18",2025-08,ЕО Ялта Ленина 18_08.2025.xlsx,shifts_count,Кол-во смен,31.0,31.0,1.0,31.0,1.0,0.0,,
"Ялта, Набережная 18",2025-08,ЕО Ялта Ленина 18_08.2025.xlsx,avg_sales_per_shift,Средние продажи в смену,151618.06451612903,125208.19354838709,0.8258131638071895,125208.19354838709,0.8258131638071895,-26409.87096774194,,
"Ялта, Набережная 18",2025-08,ЕО Ялта Ленина 18_08.2025.xlsx,lag_lead,Отставание/Перевыполнение,,-818706.0,,-818706.0,,,,
"Ялта, Набережная 18",2025-08,ЕО Ялта Ленина 18_08.2025.xlsx,traffic,Трафик,2560.0,2645.0,1.033203125,2645.0,1.033203125,85.0,,
"Ялта, Набережная 18",2025-08,ЕО Ялта Ленина 18_08.2025.xlsx,conversion,Конверсия план/факт,0.18,0.14215500945179585,0.789750052509977,0.14874710862113433,0.8263728256729685,-0.031252891378865666,,
"Ялта, Набережная 18",2025-09,ЕО Ялта Ленина 18_09.2025.xlsx,revenue,Выручка,3466800.0,3134427.08,0.9041268835814007,3134427.0800000015,0.9041268835814011,-332372.9199999985,,
"Ялта, Набережная 18",2025-09,ЕО Ялта Ленина 18_09.2025.xlsx,items_count,Кол-во изделий,577.8,482.0,0.8341986846659745,481.9999999999997,0.8341986846659739,-95.80000000000024,,
"Ялта, Набережная 18",2025-09,ЕО Ялта Ленина 18_09.2025.xlsx,avg_check,Средний чек,10800.0,11481.417875457875,1.063094247727581,11481.417875457875,1.063094247727581,681.4178754578752,0.0,
"Ялта, Набережная 18",2025-09,ЕО Ялта Ленина 18_09.2025.xlsx,avg_item_price,Средняя стоимость изделия,6000.0,6502.960746887967,1.0838267911479944,6502.960746887974,1.0838267911479957,502.960746887974,,
"Ялта, Набережная 18",2025-09,ЕО Ялта Ленина 18_09.2025.xlsx,items_per_check,Длина чека,1.8,1.7655677655677655,0.9808709808709808,1.7655677655677655,0.9808709808709808,-0.03443223443223453,,
"Ялта, Набережная 18",2025-09,ЕО Ялта Ленина 18_09.2025.xlsx,checks_count,Кол-во чеков,321.0,273.0,0.8504672897196262,273.0,0.8504672897196262,-48.0,,
"Ялта, Набережная 18",2025-09,ЕО Ялта Ленина 18_09.2025.xlsx,shifts_count,Кол-во смен,30.0,30.0,1.0,30.0,1.0,0.0,,
"Ялта, Набережная 18",2025-09,ЕО Ялта Ленина 18_09.2025.xlsx,avg_sales_per_shift,Средние продажи в смену,115560.0,104480.90266666668,0.9041268835814008,104480.90266666668,0.9041268835814008,-11079.097333333324,,
"Ялта, Набережная 18",2025-09,ЕО Ялта Ленина 18_09.2025.xlsx,lag_lead,Отставание/Перевыполнение,,-332372.9199999999,,-332372.9199999999,,,,
"Ялта, Набережная 18",2025-09,ЕО Ялта Ленина 18_09.2025.xlsx,traffic,Трафик,2140.0,2186.0,1.0214953271028038,2186.0,1.0214953271028038,46.0,,
"Ялта, Набережная 18",2025-09,ЕО Ялта Ленина 18_09.2025.xlsx,conversion,Конверсия план/факт,0.15,0.12488563586459286,0.8325709057639524,0.12729342822112585,0.8486228548075058,-0.02270657177887414,,
"Ялта, Набережная 18",2025-10,ЕО Ялта Ленина 18_10.2025.xlsx,revenue,Выручка,2425962.0,1451501.2,0.5983198417782306,1451501.200000001,0.598319841778231,-974460.7999999991,,
"Ялта, Набережная 18",2025-10,ЕО Ялта Ленина 18_10.2025.xlsx,items_count,Кол-во изделий,411.18,243.0,0.590982051656209,253.53161885877844,0.6165952109995098,-157.64838114122156,,
"Ялта, Набережная 18",2025-10,ЕО Ялта Ленина 18_10.2025.xlsx,avg_check,Средний чек,10502.0,10294.334751773049,0.9802261237643353,10294.334751773049,0.9802261237643353,-207.665248226951,0.0,
"Ялта, Набережная 18",2025-10,ЕО Ялта Ленина 18_10.2025.xlsx,avg_item_price,Средняя стоимость изделия,5900.0,5973.255967078189,1.0124162656064728,5725.128907130564,0.9703608317170447,-174.87109286943632,,
"Ялта, Набережная 18",2025-10,ЕО Ялта Ленина 18_10.2025.xlsx,items_per_check,Длина чека,1.78,1.7234042553191489,0.9682046378197465,1.7234042553191489,0.9682046378197465,-0.05659574468085116,,
"Ялта, Набережная 18",2025-10,ЕО Ялта Ленина 18_10.2025.xlsx,checks_count,Кол-во чеков,231.0,141.0,0.6103896103896104,141.00000000000006,0.6103896103896106,-89.99999999999994,,
"Ялта, Набережная 18",2025-10,ЕО Ялта Ленина 18_10.2025.xlsx,shifts_count,Кол-во смен,31.0,31.0,1.0,31.0,1.0,0.0,,
"Ялта, Набережная 18",2025-10,ЕО Ялта Ленина 18_10.2025.xlsx,avg_sales_per_shift,Средние продажи в смену,78256.83870967742,46822.61935483871,0.5983198417782306,46822.61935483871,0.5983198417782306,-31434.219354838715,,
"Ялта, Набережная 18",2025-10,ЕО Ялта Ленина 18_10.2025.xlsx,lag_lead,Отставание/Перевыполнение,,-974460.8,,-974460.8,,,,
"Ялта, Набережная 18",2025-10,ЕО Ялта Ленина 18_10.2025.xlsx,traffic,Трафик,2100.0,1794.35,0.854452380952381,1794.35,0.854452380952381,-305.6500000000001,,
"Ялта, Набережная 18",2025-10,ЕО Ялта Ленина 18_10.2025.xlsx,conversion,Конверсия план/факт,0.11,0.07857998718198791,0.7143635198362538,0.09120078290205702,0.8290980263823365,-0.01879921709794298,,
"Ялта, Набережная 18",2025-11,ЕО Ялта Ленина 18_11.2025.xlsx,revenue,Выручка,2066350.0,1119646.0,0.5418472185254192,1181910.8262137945,0.5719799773580442,-884439.1737862055,,
"Ялта, Набережная 18",2025-11,ЕО Ялта Ленина 18_11.2025.xlsx,items_count,Кол-во изделий,317.9,152.0,0.4781377791758415,171.28475859048356,0.5388007505205523,-146.61524140951641,,
"Ялта, Набережная 18",2025-11,ЕО Ялта Ленина 18_11.2025.xlsx,avg_check,Средний чек,11050.0,11542.742268041236,1.0445920604562204,11542.742268041236,1.0445920604562204,492.74226804123646,0.0,
"Ялта, Набережная 18",2025-11,ЕО Ялта Ленина 18_11.2025.xlsx,avg_item_price,Средняя стоимость изделия,6500.0,7366.0921052631575,1.133244939271255,6900.268511570069,1.0615797710107797,400.26851157006877,,
"Ялта, Набережная 18",2025-11,ЕО Ялта Ленина 18_11.2025.xlsx,items_per_check,Длина чека,1.7,1.5670103092783505,0.9217707701637357,1.5670103092783505,0.9217707701637357,-0.13298969072164946,,
"Ялта, Набережная 18",2025-11,ЕО Ялта Ленина 18_11.2025.xlsx,checks_count,Кол-во чеков,187.0,97.0,0.5187165775401069,109.30672094261128,0.5845279194792047,-77.69327905738872,,
"Ялта, Набережная 18",2025-11,ЕО Ялта Ленина 18_11.2025.xlsx,shifts_count,Кол-во смен,30.0,30.0,1.0,30.0,1.0,0.0,,
"Ялта, Набережная 18",2025-11,ЕО Ялта Ленина 18_11.2025.xlsx,avg_sales_per_shift,Средние продажи в смену,68878.33333333333,37321.53333333333,0.5418472185254193,37321.53333333333,0.5418472185254193,-31556.799999999996,,
"Ялта, Набережная 18",2025-11,ЕО Ялта Ленина 18_11.2025.xlsx,lag_lead,Отставание/Перевыполнение,,-946703.9999999998,,-946703.9999999998,,,,
"Ялта, Набережная 18",2025-11,ЕО Ялта Ленина 18_11.2025.xlsx,traffic,Трафик,1700.0,1555.2,0.9148235294117647,1555.2,0.9148235294117647,-144.79999999999995,,
"Ялта, Набережная 18",2025-11,ЕО Ялта Ленина 18_11.2025.xlsx,conversion,Конверсия план/факт,0.11,0.06237139917695473,0.5670127197904975,0.08419257512177543,0.7653870465615948,-0.025807424878224572,,
"Ялта, Набережная 18",2025-12,ЕО Ялта Ленина 18_12.2025.xlsx,revenue,Выручка,2605824.0,1253246.2,0.4809404625945574,1493405.2631285125,0.5731028891930201,-1112418.7368714875,,
"Ялта, Набережная 18",2025-12,ЕО Ялта Ленина 18_12.2025.xlsx,items_count,Кол-во изделий,334.08,143.0,0.42804118773946365,170.4030322432873,0.5100665476630966,-163.67696775671268,,
"Ялта, Набережная 18",2025-12,ЕО Ялта Ленина 18_12.2025.xlsx,avg_check,Средний чек,13572.0,15863.875949367088,1.1688679597234812,15863.875949367088,1.1688679597234812,2291.8759493670877,0.0,
"Ялта, Набережная 18",2025-12,ЕО Ялта Ленина 18_12.2025.xlsx,avg_item_price,Средняя стоимость изделия,7800.0,8763.95944055944,1.1235845436614667,8763.959440559442,1.1235845436614669,963.9594405594416,,
"Ялта, Набережная 18",2025-12,ЕО Ялта Ленина 18_12.2025.xlsx,items_per_check,Длина чека,1.74,1.8101265822784811,1.04030263349338,1.8101265822784811,1.04030263349338,0.07012658227848112,,
"Ялта, Набережная 18",2025-12,ЕО Ялта Ленина 18_12.2025.xlsx,checks_count,Кол-во чеков,192.0,79.0,0.4114583333333333,94.13873809244541,0.49030592756481983,-97.86126190755459,,
"Ялта, Набережная 18",2025-12,ЕО Ялта Ленина 18_12.2025.xlsx,shifts_count,Кол-во смен,31.0,31.0,1.0,31.0,1.0,0.0,,
"Ялта, Набережная 18",2025-12,ЕО Ялта Ленина 18_12.2025.xlsx,avg_sales_per_shift,Средние продажи в смену,84058.83870967742,40427.29677419355,0.4809404625945574,40427.29677419355,0.4809404625945574,-43631.541935483874,,
"Ялта, Набережная 18",2025-12,ЕО Ялта Ленина 18_12.2025.xlsx,lag_lead,Отставание/Перевыполнение,,-1352577.8,,-1352577.8,,,,
"Ялта, Набережная 18",2025-12,ЕО Ялта Ленина 18_12.2025.xlsx,traffic,Трафик,1600.0,912.0,0.57,912.0,0.57,-688.0,,
"Ялта, Набережная 18",2025-12,ЕО Ялта Ленина 18_12.2025.xlsx,conversion,Конверсия план/факт,0.12,0.08662280701754387,0.7218567251461989,0.10394755736690973,0.8662296447242478,-0.01605244263309026,,
